{
    "a44": {
        "x": 58.666666666666664,
        "y": 15.0,
        "width": 18.333333333333332,
        "height": 19.0
    },
    "a45": {
        "x": 40.33333333333333,
        "y": 15.0,
        "width": 18.333333333333332,
        "height": 19.0
    },
    "a46": {
        "x": 22.0,
        "y": 15.0,
        "width": 18.333333333333332,
        "height": 19.0
    }
}