{
    "a53": {
        "x": 436.0,
        "y": 555.0,
        "width": 18.333333333333332,
        "height": 37.0
    },
    "a54": {
        "x": 454.3333333333333,
        "y": 555.0,
        "width": 18.333333333333332,
        "height": 37.0
    },
    "a55": {
        "x": 472.6666666666667,
        "y": 555.0,
        "width": 18.333333333333332,
        "height": 37.0
    }
}